<?xml version="1.0" encoding="UTF-8"?>
<project-private xmlns="http://www.netbeans.org/ns/project-private/1">
    <editor-bookmarks xmlns="http://www.netbeans.org/ns/editor-bookmarks/2" lastBookmarkId="0"/>
    <open-files xmlns="http://www.netbeans.org/ns/projectui-open-files/2">
        <group>
            <file>file:/D:/XAMPP/htdocs/Phaserole_FInal_Project/models/dbconnection.php</file>
            <file>file:/D:/XAMPP/htdocs/Phaserole_FInal_Project/index.php</file>
            <file>file:/D:/XAMPP/htdocs/Phaserole_FInal_Project/editprofilebio.php</file>
            <file>file:/D:/XAMPP/htdocs/Phaserole_FInal_Project/eula.php</file>
            <file>file:/D:/XAMPP/htdocs/Phaserole_FInal_Project/sign-up.php</file>
            <file>file:/D:/XAMPP/htdocs/Phaserole_FInal_Project/profile.php</file>
            <file>file:/D:/XAMPP/htdocs/Phaserole_FInal_Project/models/delete-post.php</file>
            <file>file:/D:/XAMPP/htdocs/Phaserole_FInal_Project/views/header.php</file>
            <file>file:/D:/XAMPP/htdocs/Phaserole_FInal_Project/res/search.css</file>
            <file>file:/D:/XAMPP/htdocs/Phaserole_FInal_Project/sign-out.php</file>
            <file>file:/D:/XAMPP/htdocs/Phaserole_FInal_Project/models/sign-out.php</file>
            <file>file:/D:/XAMPP/htdocs/Phaserole_FInal_Project/sign-in.php</file>
            <file>file:/D:/XAMPP/htdocs/Phaserole_FInal_Project/res/home.css</file>
            <file>file:/D:/XAMPP/htdocs/Phaserole_FInal_Project/models/signin-user.php</file>
            <file>file:/D:/XAMPP/htdocs/Phaserole_FInal_Project/res/view-post.css</file>
            <file>file:/D:/XAMPP/htdocs/Phaserole_FInal_Project/res/editprofilebio.css</file>
            <file>file:/D:/XAMPP/htdocs/Phaserole_FInal_Project/models/edit-post.php</file>
            <file>file:/D:/XAMPP/htdocs/Phaserole_FInal_Project/models/live-search-handler.php</file>
            <file>file:/D:/XAMPP/htdocs/Phaserole_FInal_Project/res/edit-post.css</file>
            <file>file:/D:/XAMPP/htdocs/Phaserole_FInal_Project/res/add-postfloatingalert.css</file>
            <file>file:/D:/XAMPP/htdocs/Phaserole_FInal_Project/view-post.php</file>
            <file>file:/D:/XAMPP/htdocs/Phaserole_FInal_Project/models/fetch-posts.php</file>
            <file>file:/D:/XAMPP/htdocs/Phaserole_FInal_Project/models/profile_controller.php</file>
            <file>file:/D:/XAMPP/htdocs/Phaserole_FInal_Project/res/about.css</file>
            <file>file:/D:/XAMPP/htdocs/Phaserole_FInal_Project/res/mystyle.css</file>
            <file>file:/D:/XAMPP/htdocs/Phaserole_FInal_Project/about.php</file>
            <file>file:/D:/XAMPP/htdocs/Phaserole_FInal_Project/res/profile.css</file>
            <file>file:/D:/XAMPP/htdocs/Phaserole_FInal_Project/search.php</file>
            <file>file:/D:/XAMPP/htdocs/Phaserole_FInal_Project/res/eula.css</file>
            <file>file:/D:/XAMPP/htdocs/Phaserole_FInal_Project/models/editprofileandbio.php</file>
            <file>file:/D:/XAMPP/htdocs/Phaserole_FInal_Project/res/viewcomment.css</file>
        </group>
    </open-files>
</project-private>
